[
    {
      "id": 1,
      "name": "EUROLINE 810 POP UP 700 W Pop Up Toaster",
      "productId": "EURO19938201",
      "brandName": "EUROLINE",
      "category": "Pop Up Toasters",
      "companyAssured": false,
      "rating": "4.2",
      "quantity":"5",
      "price": "12232",
      "discount": "50%",
      "image": "https://rukminim1.flixcart.com/image/416/416/k5lcvbk0/pop-up-toaster/2/j/w/euroline-820-pop-up-810-pop-up-original-imafz8h3duveqgh7.jpeg?q=70",
      "sellerName": "telform inc.",
      "isNewProduct": true
    },
    {
      "id": 2,
      "name": "Morphy Richards Microwave Oven ",
      "productId": "EURO19938202",
      "brandName": "Morphy",
      "category": "Microwave Ovens",
      "companyAssured": true,
      "rating": "3.9",
      "quantity":"5",
      "price": "10999",
      "discount": "11%",
      "image": "https://rukminim1.flixcart.com/image/416/416/microwave-new/v/q/y/morphy-richard-25cg-original-imaec2ddymudmze3.jpeg?q=70",
      "sellerName": "Kwitch Retails",
      "isNewProduct": false
    },
    {
      "id": 3,
      "name": "Fitbit Inspire 2  (Desert Rose Strap, Size : Regular)",
      "productId": "EURO19938203",
      "brandName": "Fitbit",
      "category": "Smart Bands",
      "companyAssured": true,
      "rating": "3.9",
      "quantity":"5",
      "price": "17992",
      "discount": "",
      "image": "https://rukminim1.flixcart.com/image/416/416/khmbafk0/smart-band-tag/u/z/6/no-yes-fb418bkcr-android-ios-fitbit-yes-original-imafxhe4ff7ys5bc.jpeg?q=70",
      "sellerName": "RetailNet",
      "isNewProduct": true
    },
    {
      "id": 4,
      "name": "Rolex Watch  (Desert Rose Strap, Size : Regular)",
      "productId": "EURO19938203",
      "brandName": "Fitbit",
      "category": "Smart Bands",
      "companyAssured": true,
      "rating": "3.9",
      "quantity":"5",
      "price": "17992",
      "discount": "",
      "image": "https://content.rolex.com/dam/2022/upright-bba-with-shadow/m126711chnr-0002.png?impolicy=v6-upright&imwidth=270",
      "sellerName": "RetailNet",
      "isNewProduct": true
    },
    {
      "id": 5,
      "name": "Fossil Watch 2  (Desert Rose Strap, Size : Regular)",
      "productId": "EURO19938203",
      "brandName": "Fitbit",
      "category": "Smart Bands",
      "companyAssured": true,
      "rating": "3.9",
      "quantity":"5",
      "price": "17992",
      "discount": "",
      "image": "https://fossil.scene7.com/is/image/FossilPartners/FTW6036_main?$sfcc_fos_large$",
      "sellerName": "RetailNet",
      "isNewProduct": true
    }
   
  ]
